0,"A Good Librarian Like a Good Shepherd",Malaswyn,2074,"Singlplayer",0,77587
1,"A Plague Tale: Innocence",Mazragore,2022,"Open world",21,3200
2,"A Short Hike",Bolace,2120,"Social simulation game",12,44069
3,"A Story About My Uncle",Starbrand,2094,"FPS",12,1011
4,"A Way Out",Kim,2086,"Platformer 2D",0,85623
5,"A.R.S.E.N.A.L.",Ghobor,2012,"Combat",12,59773
6,"A3!",Drelarus,2083,"Hero",0,19660
7,"A Reckless Disregard for Gravity",Ironwing,2014,"Match 3",0,45443
8,"Aah! Harimanada",Shalirn,2084,"OldSchool Action",21,54831
9,"Abadox: The Deadly Inner War",Kajisida,2028,"Medetative",0,74236
10,"Abandoned Places",Malalas,2036,"Construction",21,66402
11,"Abandoned Places 2",Daimuro,2113,"Shooter",21,77947
12,"Abi: A Robot s Tale",Whispermane,2026,"Adventure",12,47655
13,"Abrams Battle Tank",Malalace,2052,"Browser RPG",0,45779
14,"Absolute Obedience",Nikoshura,2033,"Real-time strategy",12,78345
15,"Absolver",Dagdawield,2095,"Competitive",18,36664
16,"Abyss",Alsariel,2113,"Fantasy",0,2189
17,"Abzû",Corius,2044,"Board game",14,44737
18,"Accel World",Adonius,2004,"Dangeon Crawler",6,35548
19,"Ace Combat 2",Monadar,2077,"Third-person shooter",0,67977
20,"Ace Combat 3: Electrosphere",Bonaya,2105,"RPG",12,96457
21,"Ace Combat 7: Skies Unknown",Adorari,2037,"Contact",0,59942
22,"Ace Combat X: Skies of Deception",Zulkigul,2052,"Metroidvania",0,20048
23,"Ace Combat: Assault Horizon",Chillwind,2050,"Rail shooter",14,38631
24,"Ace Combat: Assault Horizon Legacy",Adonius,2077,"Survival",18,82574
25,"Ace of Spades",Kelenin,2051,"Survival horror",0,35901
26,"Ace Online",Doomterror,2046,"Action-adventure",14,59873
27,"Ace Ventura: The CD-Rom Game",Fordrebandis,2103,"Driving",12,38102
28,"Acid Drop",Kijinn,2100,"Sandbox",21,56420
29,"Act of War: Direct Action",Bo,2086,"Arcade",6,33337
30,"Action 52",Goltishicage,2119,"Point & click adventure",0,59609
31,"Action Half-Life",Perilbine,2090,"Browser RPG",21,45170
32,"Active Worlds",Muni,2049,"Electronic sports",14,37691
33,"ActRaiser",Doomsong,2090,"Vehicle simulation",6,63628
34,"ActRaiser 2",Wrathfang,2111,"Death Racing",12,49041
35,"The Addams Family",Anargas,2071,"Sports-based fighting",6,12110
36,"Addams Family Values",Thorne,2003,"Manager",14,16747
37,"Adrift",Kigashura,2105,"Singlplayer",21,91035
38,"Advent Rising",Bo,2000,"Hidden object",6,65518
39,"Adventure (1979)",Mikasar,2065,"Simulator",18,71176
40,"Adventure Island",Bludskin,2109,"Building",14,21923
41,"Adventure Island II",Anargas,2006,"Strategy RPG",21,3943
42,"Adventure Island III",Cenius,2025,"Toure",14,73965
43,"Adventure Island IV",Kazrakree,2015,"Multiplayer online battle arena",18,54327
44,"Adventure Time: Hey Ice King!",Goltishicage,2033,"Artillery game",0,58148
45,"Adventures in the Magic Kingdom",Anamath,2054,"Sandbox",6,38468
46,"The Adventures of Batman & Robin",Opiril,2004,"Zero Player Game",21,75871
47,"Adventures of Lolo",Mazuzragore,2035,"Turn-based strategy",12,58264
48,"Adventures of Poco Eco: Lost Sounds",Moogur,2042,"Family",21,17840
49,"Adventures of Sherlock Holmes.",Cordann,2107,"Economical",18,70625
50,"The Adventures of Tintin: Secret of the Unicorn",Meztidal,2060,"Action",0,68912
51,"Aerial Assault",Kajisida,2009,"Adventure",18,53241
52,"Aero the Acro-Bat",Saktilar,2072,"Third-person shooter",14,23155
53,"Aero the Acro-Bat 2",Kijinn,2046,"Global Strategy",12,252
54,"Aerobiz",Beazetus,2022,"Vehicle simulation",0,85422
55,"Aerobiz Supersonic",Dalanara,2061,"God sim",21,21870
56,"Affected Zone Tactics",Dagdawield,2112,"Strategy",18,48620
57,"After Burner",JoJorg,2078,"Match 3",6,95586
58,"After Burner Climax",Windwood,2111,"Artipicial Life game",12,9920
59,"After Burner II",Nikoshura,2027,"MicroControl",21,245
60,"After Burner III",Mikasar,2102,"MOBA",14,72482
61,"After Burner: Black Falcon",Moogurr,2069,"Tactic PRG",6,90036
62,"After the End: Forsaken Destiny",Muni,2049,"Real-time 2D adventure",14,45187
63,"Afterfall: Insanity",Thetadora,2099,"Technical Combat",14,16968
64,"Afterlife",Kazrakree,2007,"Statistical sport",0,72269
65,"Afterparty",Ananara,2011,"Multiplayer online battle arena",12,36640
66,"Against Rome",Bralmaran,2041,"Hidden object",18,74059
67,"Agar.io",Malagar,2055,"Puzzle",14,856
68,"Agartha",Kathridred,2027,"Global Wargame",6,28756
69,"Agatha Christie: And Then There Were None",Ironcrusher,2109,"Shoot'em up",6,34247
70,"Agatha Christie: Evil Under the Sun",Viran,2049,"Turn-based tactic",21,59567
71,"Agatha Christie: Murder on the Orient Express",Wrathfang,2103,"Business",12,63984
72,"Age of Ascent",Malagar,2072,"Extreme sport",12,27980
73,"Age of Chivalry",Magewarden,2019,"Simulation racer",14,98773
74,"Age of Conan: Unchained",Doomterror,2082,"Artillery game",6,64282
75,"Age of Empires",Kazahn,2091,"Dance",0,56125
76,"Age of Empires II: Definitive Edition",Shaktiran,2102,"Building",14,57555
77,"Age of Empires II: HD Edition",Yorr,2023,"Zen",0,99616
78,"Age of Empires II: The Age of Kings",Nikorisar,2012,"Survival",14,77312
79,"Age of Empires II: The Conquerors",Stonecrusher,2067,"Hidden object",14,96797
80,"Age of Empires III",Doomterror,2032,"Action",0,4224
81,"Age of Empires III: The Asian Dynasties",Andromagar,2010,"Novel",0,69308
82,"Age of Empires III: The WarChiefs",JoJorg,2118,"Side-scroling shooter",14,57040
83,"Age of Empires IV",Brazil,2061,"Zen",0,36273
84,"Age of Empires Online",Thetadora,2072,"Electronic sports",21,18426
85,"Age of Empires: Mythologies",Morin,2063,"Electronic sports",0,7130
86,"Age of Empires: The Age of Kings",Starfire,2065,"Danmaku",21,72524
87,"Age of Empires: The Rise of Rome",Starfire,2062,"Fighting",12,41137
88,"Age of Mythology",Nalmelas,2064,"Point & click adventure",6,62902
89,"Age of Mythology: The Titans",Migar,2058,"Third-person action",6,44843
90,"Age of Wonders",Balladobandis,2014,"Construction",0,30825
91,"Age of Wonders",Opilen,2110,"Movie-based game",6,76536
92,"Age of Wonders II: The Wizard s Throne",Bludfont,2103,"Roguelike",6,61559
93,"Age of Wonders III",Nuarne,2062,"Flight simulation",12,41577
94,"Age of Wonders: Planetfall",Adonius,2033,"Building",18,51839
95,"Age of Wonders: Shadow Magic",Zulkigul,2111,"Maze",0,35289
96,"Agent",Bralmaran,2053,"Death Racing",0,47468
97,"Agent A",Mnege,2061,"Economical",12,87830
98,"Agents of Mayhem",Kijinn,2092,"Fantasy",18,46048
99,"Agony (  2018)",Doomstone,2002,"Family",12,98747
100,"Aion",Sinfire,2082,"OldSchool Action",6,74599
101,"AionGuard",Beazetus,2021,"Board game",14,96877
102,"Air",Kazrajar,2120,"Side-scroling shooter",18,9852
103,"Air Buster",Moranin,2104,"Slasher",18,81422
104,"Air Conflicts",Corius,2090,"Massive multiplayer online game",12,36283
105,"Air Fortress",Agagelv,2067,"Intellectual game",12,44355
106,"AirCars",Moranin,2037,"Real-time tactic",12,51015
107,"Airport Tycoon 3",Agardana,2074,"True RPG",0,56276
108,"Akai Ito",Goltishicage,2071,"Sport",0,14935
109,"Akalabeth: World of Doom",Drelalis,2113,"Microgame",0,25902
110,"Akaneiro ni Somaru Saka",Marindis,2068,"Crawler",21,89582
111,"Akira",Nalmelas,2062,"God sim",0,90052
112,"Akumajou Special: Boku Dracula-kun",Buridred,2111,"Global Strategy",6,84717
113,"Aladdin s Chess Adventures",Starbrand,2063,"Trivia game",6,4507
114,"Aladdin s Magic Carpet Racing",Miralune,2005,"Flight simulation",14,39901
115,"Alan Wake",Periris,2037,"Arcade sport",12,32192
116,"Alan Wake s American Nightmare",Daimuro,2024,"Real-time tactic",0,62520
117,"Albion Online",Mudi,2026,"Movie-based game",6,91682
118,"Alekhine s Gun",Ironcrusher,2056,"Run and gun",14,57282
119,"Alex Kidd BMX Trial",Kulalas,2030,"Family",6,74397
120,"Alex Kidd in Miracle World",Mavejurus,2043,"Real-time strategy",0,84190
121,"Alex Kidd in Shinobi World",Drelalis,2024,"Role-playing",12,85307
122,"Alex Kidd in the Enchanted Castle",Truthstalker,2101,"Zero Player Game",21,59281
123,"Alex Kidd: High-Tech World",Tygrarana,2105,"Top Down Shooter",18,65080
124,"Alex Kidd: The Lost Stars",Marindis,2064,"Sport",6,50730
125,"Alexander",Alsariel,2117,"Browser RPG",18,94538
126,"ALF",Goltishicage,2053,"Music game",6,44303
127,"Alfred Chicken",Kigashura,2010,"Mass action",0,14040
128,"Alias",Conjurn,2070,"Simulator",6,21048
129,"Alice in Wonderland (  2010)",Miralune,2099,"Open Action",6,11076
130,"Alice: Madness Returns",Sinwind,2017,"Contact",6,40694
131,"Alien (  1982)",Voodoolkis,2048,"Sim Strategy",0,46398
132,"Alien (  1984)",Shaliris,2061,"Pinball",12,55874
133,"Alien 3 (  NES)",Adorari,2025,"City-building",18,24389
134,"Alien 3: The Gun",Marana,2108,"Sport",18,16093
135,"Alien Brigade",Anayarus,2091,"Run and gun",6,80992
136,"Alien Legacy",Tygrarana,2102,"Free to play",18,42509
137,"Alien Rage",Fordrebandis,2012,"Test",18,14586
138,"Alien Resurrection",Muni,2118,"Massive multiplayer online game",14,85383
139,"Alien Shooter",Nuadarius,2009,"Competitive",12,4947
140,"Alien Shooter 2",Kajisida,2008,"Cardgame",12,91254
141,"Alien Shooter: Revisited",Gardalabar,2038,"Global Wargame",6,13102
142,"Alien Soldier",Kazishakar,2010,"Match 3",6,278
143,"Alien Swarm",Yozshutaur,2120,"Manager",21,34532
144,"Alien Trilogy",Spellterror,2028,"Text adventure",12,95962
145,"Alien vs Predator (Jaguar)",Starfire,2025,"DeathMatch",14,1094
146,"Alien vs Predator (SNES)",Nikorisar,2111,"Vehicle simulation",18,69237
147,"Alien vs Predator: The Last of His Clan",Zulkigore,2087,"Side-scroller",14,34103
148,"Alien: Isolation",Nikorisar,2049,"Free to play",14,81505
149,"Aliens versus Predator",Shadowstalker,2055,"Vehicle simulation",0,16787
150,"Aliens versus Predator (  2010)",Lightfire,2011,"Hero",0,53206
151,"Aliens versus Predator 2",Agardana,2008,"Open-ended simulation",21,59607
152,"Aliens versus Predator 2: Primal Hunt",Ygglanim,2077,"Spy",0,63250
153,"Aliens: Colonial Marines",Saktilar,2065,"Arcade sport",21,77138
154,"Alisia Dragoon",Morlumand,2118,"Indie game",6,97215
155,"All New World of Lemmings",Agardana,2018,"Light gun",12,86518
156,"All or Nothing",Dorizel,2037,"Test",12,19905
157,"All Points Bulletin",Wrathfang,2087,"Real-time tactic",12,60696
158,"All Star Pro-Wrestling",Mudi,2088,"Browser-based",0,77171
159,"Alley Cat",Beazetus,2089,"Racing",18,86515
160,"Alliance of Valiant Arms",Periris,2100,"Massive multiplayer online game",21,91364
161,"Allied General",Basius,2054,"MOBA",21,76606
162,"Allison Road",Yggrin,2056,"Browser RPG",18,72936
163,"Allison to Lillia",Dianadar,2098,"Grand strategy wargame",21,93419
164,"Alone in the Dark (  1992)",Snowworker,2016,"MMORPG",12,64838
165,"Alone in the Dark (  2008)",Adonius,2096,"Combat",21,25467
166,"Alone in the Dark 2",Dalanara,2063,"Non-linear",12,36824
167,"Alone in the Dark 3",Morin,2031,"Open-ended simulation",14,39179
168,"Alone in the Dark: Illumination",Zulkigore,2024,"Flight simulation",14,14512
169,"Alone in the Dark: The New Nightmare",Steelfury,2096,"Rhythm game",18,98961
170,"Sid Meier s Alpha Centauri",Zulkigul,2064,"Non-linear",14,58628
171,"Alpha Protocol",Gataxe,2086,"Hunting",12,83308
172,"Alphaputt",Kikree,2107,"Global Wargame",21,28954
173,"Alpine Racer",Tabei,2062,"First-Person",21,51742
174,"Alpine Racer 2",Batius,2081,"Hero",12,11007
175,"Alpine Racer 3",Shaliris,2080,"Zero Player Game",21,52854
176,"Alter Ego (  1986)",Stonecrusher,2080,"Extreme sport",21,92489
177,"Altered Beast",Anaragda,2054,"Point & click adventure",0,12995
178,"Alto Trek",Zolosho,2079,"Espionage",6,45590
179,"Alto s Adventure",Shalirn,2039,"Third-person shooter",18,88313
180,"Alundra",Perilbine,2104,"Side-scroling shooter",6,55064
181,"Alundra 2: A New Legend Begins",Malalas,2055,"Dungeon crawl",6,21678
182,"Amagami",Ygglanim,2097,"Life Sim",6,73488
183,"Amagon",Kerne,2050,"JRPG",12,50978
184,"The Amazing Spider-Man (  2012)",Yozshutaur,2019,"Real-time strategy",12,29676
185,"The Amazing Spider-Man vs. The Kingpin",Gataxe,2062,"Trivia game",21,8376
186,"Amazon: Guardians of Eden",Doomstaff,2005,"Free to play",12,16780
187,"America: No Peace Beyond the Line",Magewarden,2008,"Casual game",6,78222
188,"America s Army",Dorizel,2059,"Runner",0,66412
189,"American McGee s Alice",Morin,2039,"Open world",18,99836
190,"American McGee s Grimm",Cordann,2026,"Trivia game",14,53196
191,"American Truck Simulator",Perdred,2020,"Turn-based tactic",14,10423
192,"Amerzone",Peginn,2035,"True RPG",14,65764
193,"Amnesia: A Machine for Pigs",Dorizel,2000,"Sim Strategy",18,88044
194,"Amnesia: The Dark Descent",Kim,2016,"Novel",0,69969
195,"Among the Sleep",Runefire,2022,"Action",0,28810
196,"An American Tail.",Ghobor,2083,"Dating Sim",21,67949
197,"An Elder Scrolls Legend: Battlespire",Sinwind,2016,"Dungeon crawl",0,65957
198,"Baccano!",Mavemeena,2079,"Eroge",21,52912
199,"Back to the Future (  1985)",Mikasar,2030,"MMOFPS",12,33068
200,"Back to the Future (  1989)",Ironwing,2036,"Singlplayer",14,25342
201,"Back to the Future II",Broadstalker,2021,"Building",12,66122
202,"Back to the Future II & III",Moranin,2110,"Business",0,42614
203,"Back to the Future III",Yggrius,2107,"Metroidvania",0,87260
204,"Back to the Future: The Game",Ananara,2092,"MicroControl",21,45671
205,"Back to the Future: The Game. Episode 1: It s About Time",Kaktilar,2099,"Wargame",21,42945
206,"Back to the Future: The Game. Episode 2: Get Tannen!",Daimuro,2028,"Platformer 2D",21,42299
207,"Back to the Future: The Game. Episode 3: Citizen Brown",Meztidal,2065,"Sim Strategy",18,69160
208,"Back to the Future: The Game. Episode 4: Double Visions",Starbrand,2033,"Medetative",18,67067
209,"Back to the Future: The Game. Episode 5: Outatime",Mazragore,2077,"Puzzle",14,49059
210,"Backbreaker",Kigashura,2108,"RTT",21,97223
211,"Bad Day L.A.",Kulalas,2010,"Bullet Hell",18,20991
212,"Bad Day on the Midway",Moranin,2085,"Match 3",14,85045
213,"Bad Mojo",Marindis,2029,"Third-person action",18,91549
214,"Bad Piggies",Yozshutaur,2084,"Cardgame",12,48644
215,"Bahamut Lagoon",Sinwind,2113,"Horror",6,77024
216,"Baka to Test to Shoukanjuu",Sterndweller,2082,"Movie-based game",12,60115
217,"Baldi s Basics in Education and Learning",Viran,2049,"Simulator",0,78134
218,"Baldies",Anayarus,2116,"Programming game",0,29339
219,"Baldr Sky",Kaktilar,2035,"Free to play",0,58107
220,"Baldur s Gate",Nikorisar,2068,"Competitive",21,75710
221,"Baldur s Gate II: Enhanced Edition",Fegor,2059,"Interactive fiction",0,44115
222,"Baldur s Gate II: Shadows of Amn",Yggrius,2086,"Action-adventure",12,39556
223,"Baldur s Gate II: Throne of Bhaal",Nazel,2091,"Grand strategy wargame",0,71684
224,"Baldur s Gate III",Yozshutaur,2098,"Zero Player Game",6,30163
225,"Baldur s Gate: Dark Alliance",Ironwing,2115,"Computer Role-Playing Game",21,5356
226,"Baldur s Gate: Dark Alliance II",Beazetus,2019,"Artipicial Life game",12,53475
227,"Baldur s Gate: Enhanced Edition",Ironfist,2054,"Music game",0,47215
228,"Baldur s Gate: Siege of Dragonspear",Buridred,2084,"Maze",12,40598
229,"Baldur s Gate: Tales of the Sword Coast",Marana,2119,"Artipicial Life game",14,54027
230,"The Ball",Matus,2033,"Clicker",14,2128
231,"Ballance",Ballath,2076,"Electronic sports",6,15394
232,"Ballblazer",Peginn,2087,"Business",14,45558
233,"Balloon Fight",Buridred,2055,"TBS",0,83670
234,"Band Hero",Ironwing,2062,"Real-time tactic",0,98144
235,"BanG Dream!",Meztidal,2027,"First-Person",18,13867
236,"Banished",Mavejurus,2066,"TBS",21,18507
237,"Banjo-Kazooie",Mikasar,2086,"Interactive fiction",0,94913
238,"Banjo-Kazooie: Nuts & Bolts",Whispermane,2019,"Shooter",6,60463
239,"Bank Panic",Runesmith,2094,"Cardgame",12,40826
240,"The Banner Saga",Yozshubar,2105,"Computer Role-Playing Game",14,79062
241,"Barbarian",Moogurr,2032,"Building",6,69152
242,"Barbarian: The Ultimate Warrior",Batius,2040,"Multi User Dungeon",0,17617
243,"The Bard s Tale (1985)",Malajurus,2105,"Medetative",18,33317
244,"The Bard s Tale (2004)",Ishnginn,2035,"Mini games",18,56979
245,"Barkley Shut Up and Jam!",Perdred,2007,"Match 3",18,73607
246,"Barnstorming",Nilalanim,2118,"Survival",21,77529
247,"Barnyard",Mezirn,2047,"Match 3",6,82101
248,"Bastion",Sinfire,2103,"Crawler",18,50616
249,"Batman",Ananara,2006,"Tycoon",21,99756
250,"Batman (  1986)",Ishnri,2065,"Construction",12,30736
251,"Batman",Burilore,2062,"Gamble",6,93379
252,"Batman (NES)",Aukus,2064,"Economical",12,83498
253,"Batman (Sega Mega Drive)",Wrathfang,2036,"Education",18,51887
254,"Batman & Robin",Ironwing,2114,"Puzzle",21,1966
255,"Batman Begins",Malajurus,2067,"Open-ended simulation",14,79060
256,"Batman Beyond: Return of the Joker",Adorari,2063,"Building",12,47583
257,"Batman Forever",Drelalis,2092,"MOBA",14,21407
258,"Batman Forever: The Arcade Game",Nazel,2003,"Combat",0,24165
259,"Batman Returns (  Aspect)",Kazrakree,2078,"Tower Defense",0,56018
260,"Batman Returns (  Konami)",Ironcrusher,2096,"Art game",6,23287
261,"Batman Returns (  Malibu Interactive)",Nilalanim,2110,"Crawler",21,29477
262,"Batman Returns (  Spirit of Discovery)",Broadstalker,2066,"Social simulation game",21,84366
263,"Batman: Arkham Asylum",Agagelv,2006,"CRPG",6,60388
264,"Batman: Arkham City",Malaswyn,2104,"Test",14,44172
265,"Batman: Arkham City Lockdown",Drelarus,2068,"Metroidvania",6,54918
266,"Batman: Arkham Knight",Meztikinos,2034,"Platformer 2D",21,53904
267,"Batman: Arkham Origins",Zulkigul,2061,"Run and gun",0,73824
268,"Batman: Arkham Origins Blackgate",Alsariel,2019,"Building",18,82468
269,"Batman: Arkham VR",Meztidal,2060,"Hidden object",18,34465
270,"Batman: Chaos in Gotham",Kigashura,2110,"DeathMatch",6,81287
271,"Batman: Dark Tomorrow",Mera,2069,"Free to play",18,11181
272,"Batman: Gotham City Racer",Moranin,2024,"Novel",18,47556
273,"Batman: Return of the Joker",Kazahn,2108,"MicroControl",12,92939
274,"Batman: Rise of Sin Tzu",Anayarus,2047,"Extreme sport",12,54257
275,"Batman: The Animated Series",Doomsong,2002,"Turn-based strategy",12,63031
276,"Batman: The Brave and the Bold — The Videogame",Daginn,2098,"Browser RPG",18,25140
277,"Batman: The Caped Crusader",Voodoolkis,2109,"Hunting",14,93673
278,"Batman: The Enemy Within",Anargas,2103,"Construction",12,75223
279,"Batman: The Telltale Series",Melar,2033,"Dance",14,91544
280,"Batman: Toxic Chill",Axehunter,2062,"Light gun",12,58788
281,"Batman: Vengeance",Starbrand,2048,"Party game",0,22575
282,"Battle Brothers",Faerisar,2041,"Simulation racer",12,1262
283,"Battle Bugs",Tabei,2008,"Arcade",6,82646
284,"Battle Carnival",Thorne,2080,"Role-playing",0,88407
285,"Battle Chasers: Nightwar",Lairdana,2110,"Self improvment games",18,67438
286,"Battle Chess",Mavemeena,2044,"Test",6,52803
287,"Battle City",Runeconjuror,2076,"Multiplayer online battle arena",6,77020
288,"Battle Engine Aquila",Spellterror,2017,"Toure",18,53265
289,"Battle for Graxia",Dianadar,2103,"Third-person action",12,85069
290,"Battle for Wesnoth",Ianzius,2060,"Interactive fiction",21,94686
291,"Battle Girl High School",Gragrinn,2097,"Platformer 2D",0,22541
292,"Battle Hunter",Zulkigul,2086,"Crawler",12,12128
293,"Battle Mania",Perilbine,2008,"Zero Player Game",14,54863
294,"Battle Out Run",Morluron,2037,"Zen",14,67764
295,"Battle Realms",Migar,2085,"Interactive fiction",0,77126
296,"Battle Realms: Winter of the Wolf",Lairdana,2093,"Real-time 2D adventure",14,23184
297,"Battle Tank",Starbrand,2044,"Movie-based game",6,50408
298,"BattleBlock Theater",Bubandis,2067,"Tycoon",18,7025
299,"Battleborn",Anaragda,2095,"JRPG",0,34705
300,"Battlefield 1",Steelfury,2098,"Adventure",14,2722
301,"Battlefield 2",Gagas,2014,"Casual game",0,3294
302,"Battlefield 2: Modern Combat",Zolotaxe,2021,"Wargame",6,91716
303,"Battlefield 3",Nilargas,2070,"Tactic PRG",18,67807
304,"Battlefield 4",Morlumand,2013,"Rhythm game",18,43195
305,"Battlefield 1942",Kathridred,2002,"Crawler",0,47381
306,"Battlefield 1942: Secret Weapons of WWII",Kigashura,2038,"Arcade racer",12,29673
307,"Battlefield 1942: The Road To Rome",Runesmith,2030,"Puzzle",12,9525
308,"Battlefield 1943",Anaragda,2095,"RPG",21,39648
309,"Battlefield 2142",Mera,2006,"Classic Quest",14,50388
310,"Battlefield Hardline",Nazel,2070,"Combat",14,79108
311,"Battlefield Heroes",Goltigrel,2078,"Driving",18,17878
312,"Battlefield Play4Free",Mera,2010,"Gamble",18,71169
313,"Battlefield V",Yozshubar,2102,"Art game",18,22978
314,"Battlefield Vietnam",Periris,2074,"Medetative",6,82457
315,"Battlefield: Bad Company",Mavemeena,2074,"Intellectual game",14,54066
316,"Battlefield: Bad Company 2",Zulkigore,2041,"Artillery game",6,86850
317,"Battlefield: Bad Company 2 Vietnam",Gagas,2080,"Gamble",14,10447
318,"Battlefleet Gothic: Armada",Kajisida,2110,"Multiplayer online battle arena",12,30257
319,"BattleForge",Ianlune,2046,"Bullet Hell",12,23717
320,"Battlefront (1986)",Mnege,2024,"Cardgame",21,66715
321,"Battlefront (2007)",Thorne,2071,"Hack & Slash",0,58823
322,"Battleground 2: Gettysburg",Adonius,2104,"Strategy RPG",12,34956
323,"Battlemorph",Akikus,2029,"Tactic PRG",0,50062
324,"Battles in Normandy",Dalanara,2114,"Wargame",21,70163
325,"Battles of Prince of Persia",Ballasida,2070,"Mass action",18,24654
326,"BattleSphere",Redmane,2100,"Top Down Shooter",21,95169
327,"Battlestar Galactica Online",Adonius,2104,"Tactic",14,30937
328,"Battlestations: Midway",Perilbine,2103,"Trivia game",14,76720
329,"Battlestations: Pacific",Mnege,2068,"DeathMatch",14,52489
330,"BattleTech",Dawnwing,2020,"Massive multiplayer online game",0,47537
331,"Battletoads",Morin,2051,"Fantasy",6,52927
332,"Battletoads (  2020)",Ananara,2074,"Roguelike",0,67710
333,"Battletoads (Game Boy)",Shaliris,2044,"MMOFPS",18,50834
334,"Battletoads & Double Dragon",Doomstaff,2001,"Survival",18,31133
335,"Battletoads in Battlemaniacs",Yggrius,2112,"Global Strategy",6,75977
336,"Battlezone (  1980)",Kerne,2004,"Tactic PRG",6,76778
337,"Batty",Kerad,2044,"Fishing",14,3422
338,"Bayonetta",Ironmaster,2093,"Construction",21,3378
339,"Bayonetta 2",Monadar,2119,"Tycoon",12,41511
340,"BeamNG.drive",Windwood,2097,"Side-scroling shooter",6,99793
341,"Beasts and Bumpkins",Aukus,2072,"Hack & Slash",14,44645
342,"Beat Angel Escalayer",Tagore,2058,"Artipicial Life game",6,82299
343,"Beat Hazard",Anamath,2050,"RTS",6,12495
344,"Beat Saber",Cordann,2085,"Sandbox",18,38170
345,"Beaterator",Peginn,2037,"Pinball",18,57378
346,"The Beatles: Rock Band",Goltishicage,2071,"City-building",21,21462
347,"Beatmania IIDX",Runesmith,2109,"FPS",14,28148
348,"Beats of Rage",Starfire,2070,"CRPG",6,35420
349,"Beautiful Escape: Dungeoneer",Drelalis,2039,"Virtual pet",18,27739
350,"Beavis and Butt-head",Steelfury,2068,"Sandbox",0,86078
351,"Beavis and Butt-head Do U.",Bolace,2041,"CRPG",14,66491
352,"Beavis and Butt-head in Virtual Stupidity",Lightfire,2013,"Classic Quest",21,82096
353,"Beavis and Butt-head: Bunghole in One",Ananara,2035,"Contact",0,85314
354,"BECK: Mongolian Chop Squad",Malagar,2017,"Fighting",6,79492
355,"Before Crisis: Final Fantasy VII",Yorr,2106,"Arcade racer",18,92887
356,"The Beginner s Guide",Dianadar,2032,"True RPG",18,4650
357,"Beglitched",Stonecrusher,2072,"Sandbox",12,60177
358,"Beholder",Saktilar,2051,"Cardgame",12,36704
359,"Beholder 2",Shalilmeena,2047,"Dating Sim",14,39215
360,"Below",Sinwind,2065,"Manager",12,47669
361,"Ben 10 Ultimate Alien: Cosmic Destruction",Mazragore,2105,"Slasher",0,54093
362,"Ben 10: Alien Force",Kerne,2054,"Open world",0,54733
363,"Ben 10: Protector of Earth",Runesmith,2056,"Third-person action",14,68138
364,"Bendy and the Ink Machine",Dorizel,2060,"Turn-based tactic",21,90253
365,"Beneath a Steel Sky",Shalilmeena,2019,"Business",21,64696
366,"Beowulf",Morlumand,2018,"Singlplayer",0,95495
367,"Berserk and the Band of the Hawk",Brazil,2115,"Education",12,59058
368,"Bertie the Brain",JoJorg,2067,"Building",6,68271
369,"Besiege",Zolotaxe,2054,"Simulation sport",14,36337
370,"Betrayal at Krondor",Conjurn,2061,"Choices",0,8238
371,"Between the Sky and Sea",Anamath,2012,"MMOFPS",21,24714
372,"Beyond Castle Wolfenstein",Kim,2068,"Manager",12,6449
373,"Beyond Good & Evil",Shalilmeena,2109,"Acrcade",12,91592
374,"Cabela s Deer Hunt: 2005 Season",Ironwing,2080,"Dungeon crawl",6,90336
375,"Cadence of Hyrule",Ygglanim,2006,"Vehicle simulation",21,15689
376,"Caesar",Tojagal,2109,"Dance",12,65511
377,"Caesar III",Dianadar,2114,"Light gun",21,6331
378,"Cake Mania",Dorizel,2018,"MMORTS",6,53273
379,"California Games",Whispermane,2041,"RPG",6,82867
380,"Call of Cthulhu (  2018)",Goltishicage,2015,"Open world",21,42090
381,"Call of Cthulhu: Dark Corners of the Earth",Stonecrusher,2111,"Artillery game",0,58032
382,"Call of Cthulhu: Destiny s End",Auririm,2117,"Open world",21,69886
383,"Call of Cthulhu: Tainted Legacy",Doomstaff,2014,"Microgame",21,67498
384,"Call of Cthulhu: The Wasted Land",Doomstaff,2076,"Contact",18,46757
385,"Call of Duty",Mavemeena,2085,"Quest",14,26899
386,"Call of Duty 2",Nalmelas,2077,"Co-op",18,66947
387,"Call of Duty 2: Big Red One",Gardalabar,2007,"Hidden object",12,82977
388,"Call of Duty 3",Kelenin,2097,"Open RPG",14,28807
389,"Call of Duty 4: Modern Warfare",Cordann,2118,"Virtual pet",18,21725
390,"Call of Duty 4: Modern Warfare (Nintendo DS)",Axehunter,2110,"Espionage",14,34034
391,"Call of Duty: Advanced Warfare",Drelarus,2084,"Tactic",6,73473
392,"Call of Duty: Black Ops",Muni,2039,"Match 3",12,24508
393,"Call of Duty: Black Ops – Cold War",Shaktiran,2020,"Programming game",12,66391
394,"Call of Duty: Black Ops 4",Viran,2092,"Platformer 2D",0,72085
395,"Call of Duty: Black Ops II",Opilen,2120,"FPS",21,50
396,"Call of Duty: Black Ops III",Tuhn,2001,"Management simulation",14,99990
397,"Call of Duty: Black Ops: Declassified",Tabei,2017,"Crawler",6,20081
398,"Call of Duty: Finest Hour",Dianadar,2080,"Building",0,82483
399,"Call of Duty: Ghosts",Joron,2002,"TBS",18,72617
400,"Call of Duty: Infinite Warfare",Gragrinn,2065,"Text adventure",18,11607
401,"Call of Duty: Mobile",Matus,2093,"Dating Sim",18,52374
402,"Call of Duty: Modern Warfare (  2019)",Morin,2071,"Bullet Hell",6,49294
403,"Call of Duty: Modern Warfare 2",Dianadar,2040,"Slasher",18,55705
404,"Call of Duty: Modern Warfare 2: Force Recon",Yozshutaur,2002,"Life Sim",21,84278
405,"Call of Duty: Modern Warfare 3",Magewarden,2052,"Action-adventure",14,6779
406,"Call of Duty: Modern Warfare 3: Defiance",Snowworker,2022,"RTS",18,26442
407,"Call of Duty: Modern Warfare: Mobilized",Tygrarana,2048,"Bullet Hell",14,3966
408,"Call of Duty: Roads to Victory",Snowworker,2080,"Role-playing",21,75598
409,"Call of Duty: Strike Team",Meztikinos,2039,"Browser RPG",14,83148
410,"Call of Duty: United Offensive",Dagdawield,2063,"Roguelike",6,75563
411,"Call of Duty: Warzone",Thetadora,2107,"Shooter",14,63081
412,"Call of Duty: World at War",Adoghma,2016,"Roguelike",18,31764
413,"Call of Duty: World at War – Final Fronts",Burilore,2088,"Dating Sim",21,47313
414,"Call of Duty: World at War – Zombies",Snowseeker,2002,"Choices",21,24600
415,"Call of Duty: WWII",Ballath,2070,"Real-time tactic",21,72417
416,"Call of Juarez",Andromagar,2021,"Third-person shooter",21,52029
417,"Call of Juarez: Bound in Blood",Fordrebandis,2045,"TD",12,94138
418,"Call of Juarez: Gunslinger",Dawnwing,2012,"Casual game",21,87149
419,"Call of Juarez: The Cartel",Corius,2052,"Massive multiplayer online game",18,16723
420,"Call to Power II",Celmeena,2114,"Text adventure",0,30515
421,"Calling",Corius,2001,"Action-RPG",12,82622
422,"Campfire Cooking",Moogurr,2036,"Movie-based game",14,30271
423,"Candleman",Sinfire,2061,"Zen",6,13036
424,"Candy Crush Saga",Ygglanim,2013,"Extreme sport",6,8422
425,"Cannon Fodder",Bludfont,2035,"Indie game",0,23270
426,"Cannon Spike",Beazetus,2023,"Interactive Movie",18,14253
427,"Cannon Strike",Truthstalker,2036,"God sim",12,5807
428,"Capitalism II",Zolosho,2082,"Fighting",12,41741
429,"Captain America and the Avengers",Monadar,2067,"Interactive Movie",12,3066
430,"Captain America: Super Soldier",Kigashura,2076,"Dungeon crawl",14,14384
431,"Captain Earth",Moranin,2077,"Programming game",18,1989
432,"Captain Skyhawk",Kazishakar,2029,"Slasher",0,7007
433,"Car & Driver Presents: Grand Tour Racing  98",Bo,2058,"Point & click adventure",14,6518
434,"Cardinal SYN",Chillwind,2087,"Run and gun",18,50361
435,"Carmageddon",Perdred,2038,"Artipicial Life game",14,93625
436,"Carmageddon II: Carpocalypse Now",Celmeena,2015,"Cardgame",6,81938
437,"Carmageddon TDR2000",Monadar,2056,"OldSchool Action",0,26360
438,"Carmageddon: Reincarnation",Ironwing,2021,"Maze",0,94099
439,"Carom3D",Yggrin,2102,"RTT",0,796
440,"Carrier Command: Gaea Mission",Kelenin,2027,"First-Person",0,75752
441,"Carriers at War",Fegor,2101,"Movie-based game",0,38430
442,"Carriers at War (2007)",Malalas,2118,"Artillery game",18,85332
443,"Carriers at War 1941–1945.",Thorne,2091,"Real-time strategy",12,58409
444,"Carriers at War II",Malagar,2043,"Adventure",0,68812
445,"Carrion",Lairdana,2076,"Free to play",6,21288
446,"Cars 2: The Video Game",Malagar,2065,"Logic",0,80187
447,"Cars 3: Driven to Win",Malaswyn,2097,"Intellectual game",21,85179
448,"Cars Mater-National Championship",Monadar,2039,"Fighting",12,50956
449,"Castle Crashers",Starbrand,2006,"Text adventure",0,69488
450,"Castle of Illusion Starring Mickey Mouse (  1990)",Blackhunter,2000,"Side-scroller",21,10136
451,"Castle of Illusion Starring Mickey Mouse (  2013)",Opiril,2111,"Statistical sport",21,64016
452,"Castle of Magic",Fegor,2078,"Spy",14,79512
453,"Castle Strike",Doomstone,2044,"Fantasy",18,86211
454,"Castle Wolfenstein",Celmeena,2029,"God sim",6,49896
455,"Castlevania",Batius,2107,"Competitive",0,11039
456,"Castlevania Chronicles",Anargas,2016,"Eroge",6,44830
457,"Castlevania II: Simon s Quest",Tesho,2078,"MMORTS",14,12505
458,"Castlevania III: Dracula s Curse",Runesmith,2075,"Battle Racing",18,74384
459,"Castlevania Judgment",Steelfury,2087,"Novel",18,79018
460,"Castlevania Legends",Sinwind,2056,"Combat",0,3630
461,"Castlevania Puzzle: Encore of the Night",Marindis,2057,"MOBA",6,86002
462,"Castlevania: The Adventure",Mazulmaran,2067,"Social simulation game",6,58992
463,"Castlevania: Aria of Sorrow",Thorgalv,2029,"Board game",0,94751
464,"Castlevania: Bloodlines",Truthstalker,2049,"Music game",14,41043
465,"Castlevania: Circle of the Moon",Cordann,2075,"MOBA",14,47155
466,"Castlevania: Dawn of Sorrow",Mavemeena,2097,"RTS",0,7600
467,"Castlevania: Harmony of Despair",Tagore,2062,"Danmaku",12,81665
468,"Castlevania: Harmony of Dissonance",Mezirn,2075,"Role-playing",21,68382
469,"Castlevania: Lament of Innocence",Kajisida,2065,"Rhythm game",12,48791
470,"Castlevania: Lords of Shadow",Tuhn,2005,"Space sim",21,6310
471,"Castlevania: Lords of Shadow — Mirror of Fate",Balladomeena,2021,"Extreme sport",18,35040
472,"Castlevania: Lords of Shadow 2",Joron,2076,"MOBA",14,60993
473,"Castlevania: Order of Ecclesia",Bludskin,2070,"Dangeon Crawler",6,74017
474,"Castlevania: Order of Shadows",Shadowstalker,2065,"Shooter",12,10770
475,"Castlevania: Portrait of Ruin",Magewarden,2087,"Artipicial Life game",12,25272
476,"Castlevania: Rondo of Blood",Moogurr,2076,"Interactive fiction",6,72600
477,"Castlevania: Symphony of the Night",Voodoolkis,2015,"Construction",0,48384
478,"Castlevania: The Adventure ReBirth",Meztidal,2008,"Cardgame",18,67727
479,"Castlevania: The Arcade",Shadowstalker,2109,"Bullet Hell",14,91999
480,"Castlevania II: Belmonts Revenge",Saktilar,2037,"MMORPG",21,80586
481,"Casus Belli",Malajurus,2106,"Classic Quest",12,75611
482,"The Cat Lady",Yorr,2057,"Espionage",0,21807
483,"Cataclysm: Dark Days Ahead",Shalilmeena,2091,"Stealth-Action",12,28599
484,"Catacomb 3-D",Opiril,2038,"God sim",14,20926
485,"Catherine",Shaktiran,2069,"Wargame",12,22745
486,"Caucasus: Nanatsuki no Nie",Ironwing,2096,"Side-scroller",6,96240
487,"Cauldron",Melar,2118,"Free to play",21,39293
488,"The Cave",Shaliris,2110,"Tactic",6,64096
489,"Cave Story",Shalilmeena,2082,"Sandbox",0,38604
490,"Ceebot",Balladomeena,2029,"Vehicle simulation",14,10863
491,"Celeste",Brazil,2003,"Zero Player Game",0,50590
492,"CellFactor: Combat Training",Tuhn,2116,"Business",21,66658
493,"CellFactor: Revolution",Mera,2113,"Artillery game",21,92238
494,"Centipede",Malalas,2007,"Clicker",14,17088
495,"Centurion: Defender of Rome",Agagelv,2059,"Multiplayer online battle arena",6,79866
496,"Ceville",Ianzius,2040,"Self improvment games",6,38807
497,"Challenge of the Ancient Empires",Daimuro,2031,"Visual novel",21,98816
498,"Chameleon (  2005)",Kikree,2006,"Artillery game",0,65234
499,"Champion of the Raj",Adorari,2116,"Turn-based strategy",0,33290
500,"Championship Manager 2008",Nalmelas,2025,"Roguelike",18,19538
501,"The Chaos Engine",Kajisida,2027,"Vehicular combat",6,34511
502,"Chaos League",JoJorg,2044,"Light gun",12,38026
503,"Chaos Legion",Mazuzragore,2057,"Microgame",0,2988
504,"Chaos on Deponia",Malalace,2034,"Computer Role-Playing Game",18,25806
505,"Chaos Overlords: Strategic Gang Warfare",Morluron,2101,"Tactic",6,20994
506,"Chaos Reborn",Whiteseeker,2081,"Side-scroling shooter",0,93689
507,"Chaos;Child",Ironbreaker,2034,"Virtual pet",12,15584
508,"Chaos;Head",Granilanim,2098,"Arcade racer",12,47609
509,"Chaos: The Battle of Wizards",Redmane,2039,"Pinball",6,18818
510,"Chariots of War",Ianzius,2025,"DeathMatch",18,72059
511,"Chase H.Q.",Malajurus,2010,"Artipicial Life game",18,68723
512,"Chaser:",Sterndweller,2091,"Quest",12,61992
513,"Chasm: The Rift",Nikoshura,2012,"Hunting",18,3026
514,"Checkered Flag",Mnege,2021,"TD",6,64134
515,"Cheese Cat-Astrophe Starring Speedy Gonzales",Sinfire,2056,"Action-adventure",18,84828
516,"Chernobylite",Anaragda,2027,"Singlplayer",14,68969
517,"Chess Titans",Bubandis,2103,"Trivia game",18,88198
518,"Chessmaster",Celmeena,2017,"Dungeon crawl",6,94493
519,"Chicago Syndicate",Gataxe,2074,"Music game",14,2313
520,"Child of Eden",Tabei,2065,"Vehicular combat",18,75556
521,"Child of Light",Brazil,2063,"RPG",6,18685
522,"Children of Mana",Kulalas,2051,"Art game",21,74579
523,"Children of Morta",Mikasar,2087,"Interactive fiction",12,87795
524,"Chinese Chess",Balladomeena,2093,"Management simulation",12,76099
525,"Chip  n Dale Rescue Rangers",Malaswyn,2066,"First-Person",14,65509
526,"Chip  n Dale Rescue Rangers 2",Nilargas,2093,"Casual game",6,89370
527,"Chivalry: Medieval Warfare",Ironfist,2018,"Cardgame",14,36330
528,"Chocobo Racing",Magewarden,2117,"Fishing",12,8290
529,"Choplifter",Wrathfang,2059,"Massively multiplayer",21,48299
530,"Chrome",Kazishakar,2047,"True RPG",0,42702
531,"Chrome SpecForce",Broadstalker,2110,"Technical Combat",0,1772
532,"Chromium B.S.U.",Bo,2117,"Indie game",6,91336
533,"The Chronicles of Narnia: Prince Caspian",Morluron,2035,"Test",14,84267
534,"The Chronicles of Narnia: The Lion the Witch and the Wardrobe",Axehunter,2003,"Open RPG",6,67579
535,"The Chronicles of Narnia: The Voyage of the Dawn Treader",Dalanara,2095,"Arcade sport",21,41979
536,"The Chronicles of Riddick: Assault on Dark Athena",Mudi,2100,"Space sim",21,16619
537,"The Chronicles of Riddick: Escape from Butcher Bay",Gardalabar,2116,"Turn-based tactic",6,85923
538,"Chrono Cross",Moranin,2000,"Run and gun",12,6124
539,"Chrono Resurrection",Thorgalv,2025,"Competitive",18,35907
540,"Chrono Trigger",Tojagal,2043,"Browser-based",18,735
541,"Chrono Trigger: Crimson Echoes",Starfire,2023,"Board game",14,24607
542,"Chronomaster",Doomsong,2089,"Open world",0,51010
543,"Chuchel",Zulkigul,2008,"City-building",6,58258
544,"DearS",Nikoshura,2048,"Espionage",12,76972
545,"The Death and Return of Superman",Stoneray,2114,"Mini games",18,98154
546,"Death by Degrees",Thorne,2048,"Global Wargame",12,95888
547,"Death Gate",Mnege,2022,"Strategy RPG",21,59851
548,"Death Horizon",Tygrarana,2113,"Vehicle simulation",6,82496
549,"Death Horizon: Reloaded",Ygglanim,2044,"Horror",0,2031
550,"Death Race",Ishnginn,2006,"Computer Role-Playing Game",0,66553
551,"Death Rally",Andromagar,2109,"Platformer 2D",6,16834
552,"Death Stranding",Kerad,2106,"Contact",21,37473
553,"Death Track:",Arcanecaster,2023,"Tactic PRG",0,39559
554,"DeathKeep",Ironfist,2104,"Intellectual game",21,91500
555,"Deathtrack",Ironbreaker,2030,"Statistical sport",6,33155
556,"Deathtrap",Mera,2108,"Quest",6,54870
557,"Decisive Battles.",Beazetus,2056,"Programming game",18,32172
558,"Decisive Battles of World War II: Across the Dnepr",Tygrarana,2064,"Survival horror",6,32519
559,"Decisive Battles of World War II: Ardennes Offensive",Lairdana,2061,"Driving",12,89304
560,"Decisive Battles of World War II: Battles in Italy",Kim,2074,"Logic",6,87822
561,"Decisive Battles of World War II: Battles in Normandy",Ianlune,2105,"Action-RPG",6,83302
562,"Decisive Battles of World War II: Korsun Pocket",Morluron,2095,"Sim Strategy",14,43354
563,"Deck of Ashes",Alsariel,2052,"Sim Strategy",0,49428
564,"Deep Down",Meztidal,2039,"Party game",12,82869
565,"Deep Duck Trouble Starring Donald Duck",Bonaya,2087,"Massive multiplayer online game",21,3237
566,"Deep Strike",Morluron,2101,"Match 3",18,55117
567,"Deep Under the Sky",Malaswyn,2038,"Hentai",12,4630
568,"DEFCON",Monadar,2076,"Browser-based",21,11119
569,"Defender",Stoneray,2035,"Stealth-Action",6,92438
570,"Defender 2000",Ishnginn,2076,"Virtual pet",21,34906
571,"Defender of the Crown",Viran,2013,"OldSchool Action",0,90553
572,"Deflektor",Periris,2107,"Visual novel",18,15432
573,"Deformers",Ballasida,2088,"Arcade",14,71728
574,"DeFRaG",Shadowstalker,2015,"Electronic sports",14,55938
575,"DeFRaGG",Shaliris,2061,"DeathMatch",12,24190
576,"Delta",Ironmaster,2020,"Third-person action",6,35818
577,"Delta Force",Malolak,2112,"Survival horror",0,28498
578,"Delta Force 2",Arcanecaster,2071,"Tactic",21,80150
579,"Delta Force Mobile",Kathrimand,2021,"RTT",6,2988
580,"Delta Force: Black Hawk Down",Periris,2109,"Strategy RPG",0,77694
581,"Delta Force: Black Hawk Down – Team Sabre",Peginn,2065,"Singlplayer",14,80811
582,"Delta Force: Land Warrior",Opiril,2014,"Open RPG",21,55556
583,"Delta Force: Task Force Dagger",Zulkigore,2077,"Flight simulation",14,50681
584,"Delta Force: Urban Warfare",Lairdana,2026,"Platformer 3D",0,28441
585,"Delta Force: Xtreme",Doomsong,2041,"Danmaku",0,41318
586,"Delta Force: Xtreme 2",Migar,2055,"Real-time strategy",21,20621
587,"Deltarune",Nilargas,2083,"MicroControl",6,37546
588,"Dementium II",Chillwind,2038,"Movie-based game",21,68753
589,"Dementium: The Ward",Goltishicage,2108,"Programming game",18,15028
590,"Demigod",Kigashura,2086,"Fishing",21,49069
591,"Democracy 3",Redmane,2065,"Tactic PRG",6,66730
592,"Demolition Champions",Spellterror,2110,"Maze",6,15053
593,"Demolition Derby",Yorr,2030,"Racing",6,16152
594,"Demolition Derby & Figure 8 Race",Malolak,2091,"Side-scroling shooter",14,42722
595,"Demolition Man",Rageeye,2018,"Social simulation game",21,30424
596,"Demolition Racer",Ironmaster,2115,"Choices",21,46322
597,"Demon City Shinjuku",Saktilar,2015,"Test",12,803
598,"Demon Slayer",Ballasida,2069,"Massive multiplayer online game",12,14409
599,"Demon s Crest",Faerisar,2018,"Bullet Hell",14,89523
600,"Demon s Souls",Ironfist,2083,"Co-op",14,51439
601,"Demonstar",Tabei,2002,"Open Action",18,57979
602,"Densha de Go!",Malajurus,2038,"Classic Quest",0,4521
603,"Deponia",Adonius,2004,"Side-scroller",14,8786
604,"Gooo",Zolotaxe,2085,"Space sim",14,29709
605,"Descent",Tabei,2066,"Social simulation game",18,30377
606,"Descent: FreeSpace",Rageeye,2101,"Management simulation",12,43729
607,"Desert Combat",Malolak,2016,"Browser RPG",6,30021
608,"Desert Demolition",Tagore,2017,"MMORTS",6,73261
609,"Desert Diner",Tagore,2015,"Hack & Slash",12,56052
610,"Desert Golfing",Shalilmeena,2075,"Survival horror",0,10060
611,"Desert Strike: Return to the Gulf",Starfire,2115,"MMOFPS",18,20544
612,"Desert",Axehunter,2038,"Text adventure",12,52886
613,"Desperados 2: Cooper s Revenge",Tojagal,2024,"Light gun",6,14795
614,"Desperados III",Ianlune,2063,"Management simulation",18,24258
615,"Desperados: Wanted Dead or Alive",Ballath,2070,"Gamble",21,56436
616,"Desperate Housewives: The Game",Tagore,2030,"Survival horror",6,46079
617,"Destiny",Tabei,2017,"RTT",12,26583
618,"Destiny 2",Peginn,2038,"Acrcade",21,11157
619,"Destruction Derby",Gragrinn,2106,"Eroge",14,47568
620,"Detention",Arcaneworm,2078,"Dating Sim",21,64395
621,"Detroit: Become Human",Tabei,2023,"Combat",0,54763
622,"Deus Ex",Adonius,2001,"Shoot'em up",12,13338
623,"Deus Ex GO",Kim,2004,"Global Strategy",6,50815
624,"Deus Ex Machina",Mazuzragore,2075,"Singlplayer",14,73650
625,"Deus Ex: Human Revolution",Nilalanim,2074,"Electronic sports",18,44486
626,"Deus Ex: Invisible War",Matus,2089,"Free to play",12,79851
627,"Deus Ex: Mankind Divided",Kelenin,2111,"Toure",12,38113
628,"Deus Ex: The Fall",Kerad,2062,"Tactic",18,71216
629,"Devastation",Nuarne,2035,"Free to play",14,97614
630,"Devil May Cry",Corius,2044,"Platformer 2D",21,13218
631,"Devil May Cry 2",Arcaneworm,2066,"Construction",6,48114
632,"Devil May Cry 3: Dante s Awakening",Fordrebandis,2052,"Adventure",12,24520
633,"Devil May Cry 4",Mnege,2032,"Tactic",21,64013
634,"Devil May Cry 5",Whispermane,2087,"Life Sim",14,94956
635,"Devil s Crush",Tesho,2019,"Slasher",0,95091
636,"Devil s Third Online",Meztidal,2049,"Choices",0,82349
637,"Devotion",Malaswyn,2070,"Co-op",14,98122
638,"Diablo",Ananara,2070,"Top Down Shooter",21,79320
639,"Diablo II",Axehunter,2108,"Dungeon crawl",18,19169
640,"Diablo II: Lord of Destruction",Agagelv,2095,"Global Wargame",21,35857
641,"Diablo III",Bludfont,2041,"Combat",6,39832
642,"Diablo III: Reaper of Souls",Peginn,2022,"Multiplayer online battle arena",18,36484
643,"Diablo III: Rise of the Necromancer",Axehunter,2082,"Mini games",6,86048
644,"Diablo IV",Batius,2039,"Co-op",0,68407
645,"Diablo: Hellfire",Whispermane,2022,"Open-ended simulation",12,92294
646,"Diabolik Lovers",Bubandis,2005,"Artipicial Life game",0,53068
647,"Diaries of a Spaceport Janitor",Muni,2073,"Novel",18,64890
648,"Dick Tracy (  Realtime Associates)",Kazrajar,2087,"Light gun",14,53108
649,"Dick Tracy (  Sega)",Malaswyn,2028,"Arcade sport",18,12705
650,"Dick Tracy (  Titus Interactive)",Shaliris,2079,"Microgame",14,67010
651,"Dictator",Dagdador,2068,"Education",6,91461
652,"Diddy Kong Racing",Shaktiran,2007,"Sports-based fighting",0,18300
653,"Die by the Sword",Basius,2029,"Computer Role-Playing Game",18,18255
654,"Die Hard Arcade",Redmane,2120,"Art game",0,7067
655,"Die Hard Trilogy",Mazragore,2117,"Sport",18,96859
656,"Die Hard: Nakatomi Plaza",Dagdador,2060,"Fighting",14,39550
657,"Dies irae",Ishnri,2000,"Mini games",18,5895
658,"Dig Dug",Kikree,2017,"Open-ended simulation",14,47055
659,"The Dig",Kajisida,2078,"Virtual pet",21,85240
660,"Digger",Nazel,2049,"Rail shooter",14,98447
661,"Digimon Adventure",Arcanecaster,2081,"Intellectual game",6,25773
662,"Digital Combat Simulator",Nazel,2022,"Statistical sport",12,35751
663,"Digital Devil Story: Megami Tensei",Meztikinos,2035,"Tower Defense",12,15667
664,"Digital: A Love Story",Yozshutaur,2030,"Trivia game",21,68955
665,"Diluvion",Goltigrel,2098,"Turn-based tactic",6,97157
666,"Dino Crisis",Malalas,2055,"Hidden object",21,89008
667,"Dino Crisis 2",Malolak,2033,"Action-adventure",0,69304
668,"Dino Crisis 3",Moranin,2053,"Virtual pet",21,66863
669,"Dino Stalker",Miralune,2118,"Classic Quest",0,66577
670,"Dinosaur World",Moranin,2012,"Artipicial Life game",18,32190
671,"Dirge of Cerberus: Final Fantasy VII",Kelenin,2045,"Contact",18,87834
672,"DiRT 3",Daginn,2033,"Adventure",12,39245
673,"DiRT 4",Ballath,2097,"True RPG",18,96305
674,"Dirt 5",Tojagal,2036,"TD",12,32725
675,"DiRT Rally",Anayarus,2090,"Racing",12,62179
676,"DiRT: Showdown",Dianadar,2064,"Intellectual game",21,26574
677,"Dirty Bomb",Joron,2076,"Flight simulation",12,55114
678,"Disciples II: Dark Prophecy",Tesho,2028,"MOBA",0,15996
679,"Disciples II: Gallean s Return",Kigashura,2099,"Art game",21,30633
680,"Disciples II: Rise of the Elves",Kazrajar,2094,"Tycoon",21,44470
681,"Disciples III: Renaissance",Doomsong,2053,"Electronic sports",14,63602
682,"Disciples: Sacred Lands",Broadstalker,2016,"MMORTS",18,28492
683,"Discipline: Record of a Crusade",Tesho,2032,"Hack & Slash",21,98243
684,"Disco Elysium",Bolace,2010,"Hentai",6,91025
685,"Discworld",Cordann,2074,"Side-scroller",14,18998
686,"Discworld II",Mavemeena,2069,"Open world",12,40200
687,"Disgaea 2: Cursed Memories",Bludwing,2048,"Racing",12,3754
688,"Disgaea: Hour of Darkness",Shalilmeena,2075,"Social simulation game",14,63479
689,"Dishonored",Bubandis,2071,"Train simulation",12,33635
690,"Dishonored 2",Muni,2072,"Slasher",6,36109
691,"Dishonored: Death of the Outsider",Faerisar,2083,"Real-time tactic",14,41286
692,"Disney Infinity",Anayarus,2101,"Action-adventure",21,51625
693,"Disney Universe",Kazahn,2078,"Side-scroller",14,20218
694,"Disney s Action Game Featuring Hercules",Arcaneworm,2095,"CRPG",6,51446
695,"Disney s Aladdin (Capcom)",Stoneray,2062,"Rhythm game",0,87411
696,"Disney s Aladdin (Virgin Interactive)",Siranius,2055,"Music game",12,24520
697,"Disney s Aladdin in Nasira s Revenge",Nilargas,2079,"Interactive fiction",6,65979
698,"Disney s The Little Mermaid",Nilalanim,2003,"Artillery game",0,40454
699,"Disney s The Little Mermaid II",Agardana,2079,"Art game",12,37853
700,"Disruptor",Nuarne,2002,"Tactic",0,98523
701,"Dissidia 012 Final Fantasy",Migar,2063,"Driving",0,6919
702,"Dissidia Final Fantasy",Bo,2021,"MMORTS",21,46164
703,"Ecco: The Tides of Time",Muni,2039,"Self improvment games",12,58665
704,"Echo Night",Kazrajar,2005,"Vehicular combat",14,57378
705,"Eco Fighters",Gardalabar,2092,"Grand strategy wargame",14,53805
706,"EcoQuest: The Search for Cetus",Ironcrusher,2115,"Movie-based game",21,78514
707,"Ecstatica",Chillwind,2098,"Computer Role-Playing Game",12,44872
708,"Ecstatica II",Ananara,2023,"Self improvment games",6,28246
709,"Edge",Malagar,2054,"Hidden object",14,84590
710,"Edna & Harvey: Harvey s New Eyes",Anargas,2002,"Family",6,67643
711,"Edna & Harvey: The Breakout",Meztidal,2110,"Shooter",21,8087
712,"Eets",Stoneray,2007,"Competitive",12,55165
713,"Ef: A Fairy Tale of the Two",Rageeye,2028,"Simulator",0,88130
714,"Ehrgeiz",Conjurn,2056,"Strategy RPG",21,3897
715,"Einhänder",Dianadar,2074,"Side-scroller",0,39044
716,"Eisenbahn.exe Professional",Malolak,2018,"Combat",18,58257
717,"El Matador",Kikree,2053,"City-building",6,90940
718,"Elasto Mania",Marana,2054,"Run and gun",21,58776
719,"Elden Ring",Muni,2119,"MicroControl",21,65000
720,"The Elder Scrolls Adventures: Redguard",Daginn,2040,"MicroControl",14,66058
721,"The Elder Scrolls II: Daggerfall",Morluron,2076,"Manager",18,77755
722,"The Elder Scrolls III: Morrowind",Whiteseeker,2066,"Casual game",21,51638
723,"The Elder Scrolls III: Bloodmoon",Morin,2011,"Third-person shooter",6,53364
724,"The Elder Scrolls III: Tribunal",Kazahn,2111,"Massive multiplayer online game",18,98650
725,"The Elder Scrolls IV: Knights of the Nine",Dagdawield,2073,"OldSchool Action",18,4693
726,"The Elder Scrolls IV: Oblivion",Doomterror,2024,"Multi User Dungeon",14,11848
727,"The Elder Scrolls IV: Oblivion Mobile",Ianzius,2109,"Casual game",21,99506
728,"The Elder Scrolls IV: Shivering Isles",Nikorr,2083,"MMORTS",0,26786
729,"Electro Man",Ballath,2108,"OldSchool Action",6,91306
730,"Elemental Master",Marindis,2060,"Browser-based",12,54815
731,"Elemental: War of Magic",Kigashura,2097,"DeathMatch",0,82019
732,"FIFA 12",Moranin,2102,"True RPG",6,98118
733,"FIFA 13",Whispermane,2071,"Intellectual game",21,93189
734,"FIFA 14",Broadstalker,2053,"MMORPG",12,97450
735,"FIFA 15",Anaragda,2117,"Space sim",18,52317
736,"FIFA 16",Agardana,2103,"Indie game",0,84598
737,"FIFA 17",Mezirn,2040,"Third-person shooter",0,28507
738,"Fighting Force",Fordrebandis,2115,"Grand strategy wargame",14,57924
739,"Fighting Masters",Tabei,2006,"Metroidvania",6,7866
740,"Fighting Vipers",Perdred,2055,"TBS",12,8188
741,"Fighting Vipers 2",Yggrius,2008,"Adventure",14,99047
742,"Filler",Marana,2093,"Dungeon crawl",12,55628
743,"Final Approach",Windwood,2027,"Hunting",6,13274
744,"Final Doom",Ironfist,2071,"JRPG",12,5069
745,"",Brazil,2067,"Business",6,9055
746,"Flappy Bird",Kulalas,2061,"Metroidvania",12,91333
747,"Flashback",Opiril,2092,"Microgame",0,35318
748,"FlatOut",Sterndweller,2111,"Education",18,9250
749,"FlatOut (Wii)",Nikorr,2088,"Sport",12,94709
750,"FlatOut 2",Saktilar,2115,"Multiplayer online battle arena",14,38168
751,"FlatOut 3: Chaos & Destruction",Gavinrathis,2033,"Death Racing",0,31438
752,"FlatOut 4: Total Insanity",Nikorisar,2104,"Vehicle simulation",12,72842
753,"FlatOut Racing",Sterndweller,2048,"Classic Quest",0,28435
754,"Game Dev Tycoon",Periris,2029,"Dance",12,86899
755,"Game of Thrones (  2012)",Shaliris,2006,"Classic Quest",18,57424
756,"Game of Thrones (  2014)",Shalirn,2045,"Combat",18,88118
757,"A Game of Thrones: Genesis",Balladomeena,2093,"Side-scroller",21,31472
758,"Game Room",Mazuzragore,2073,"Sport",21,73122
759,"Ganba Bouken Tachi",Thetadora,2026,"Virtual pet",12,90592
760,"Gang Beasts",Moogur,2113,"RTT",21,88091
761,"Gang Garrison 2",Drelalis,2016,"Light gun",0,27225
762,"GanjaWars",Ironmaster,2034,"Sandbox",0,6026
763,"Gardenscapes",Dagdawield,2111,"Classic Quest",14,11861
764,"Garena Free Fire",Daimuro,2026,"MOBA",14,98632
765,"Garfield (  2004)",Anamath,2022,"TBS",14,39233
766,"Garfield: Caught in the Act",Opilen,2088,"Sport",21,61929
767,"Gargoyles",Ananara,2113,"Music game",0,55009
768,"Garry s Mod",Perdred,2035,"Top Down Shooter",6,79308
769,"Gasketball",Nalmelas,2089,"Danmaku",18,81492
770,"Gates of Troy",Nuarne,2081,"Point & click adventure",6,70835
771,"Goofy s Hysterical History Tour",Ironfist,2107,"MOBA",21,37208
772,"Gore: Ultimate Soldier",Lightfire,2109,"Management simulation",6,97787
773,"Gorf",Malaswyn,2107,"FPS",6,61764
774,"Gorky 17",Bolace,2099,"MMORTS",21,91999
775,"Gorky Zero: Beyond Honor",Ballath,2087,"TBS",12,25640
776,"Gorogoa",Felhardana,2056,"Free to play",0,82161
777,"Green Green",Ironwing,2058,"Maze",18,23582
778,"Green Lantern: Rise of the Manhunters",Tagore,2031,"Platformer 2D",0,73348
779,"Gremlins Inc.",Truthstalker,2003,"Visual novel",12,23533
780,"Grey Goo",Malajurus,2023,"Train simulation",6,57735
781,"GRID 2",Ironcrusher,2060,"Survival horror",18,15606
782,"GRID Autosport",Mazragore,2087,"Intellectual game",12,49504
783,"Grim Dawn",Mnege,2001,"Massive multiplayer online game",21,18379
784,"Grim Fandango",Doomstone,2029,"Shooter",0,31365
785,"Grimlands",Malalace,2104,"Artillery game",6,24769
786,"Gris",Shadowstalker,2090,"Casual game",12,18736
787,"Ground Control",Drelarus,2078,"Browser-based",12,60314
788,"Ground Control II: Operation Exodus",Yggrin,2104,"Zen",18,98863
789,"Grow Home",Malalace,2037,"Bullet Hell",21,58233
790,"GTFO",Yggrius,2007,"Turn-based tactic",12,24065
791,"Guacamelee!",Lightfire,2079,"Run and gun",6,3675
792,"The Guardian Legend",Starbrand,2120,"Tactic PRG",14,30822
793,"",Opilen,2089,"Platformer 3D",18,31687
794,"H2O: Footprints in the Sand",Thorgalv,2114,"Dance",0,80850
795,"Hachigatsu no Cinderella Nine",Meztidal,2025,"Technical Combat",6,49862
796,"Haegemonia: Legions of Iron",Ianzius,2028,"Hentai",12,54973
797,"Hakuisei Aijou Izonshou",Dorizel,2008,"JRPG",6,34336
798,"Hakuisei Renai Shoukougun",Ironwing,2062,"Top Down Shooter",12,1781
799,"Hakushaku to Yousei",Starbrand,2054,"Text adventure",6,39237
800,"Half-Life",Nuadarius,2078,"Massive multiplayer online game",0,3360
801,"Half-Life 1 Anthology",Perilbine,2098,"Rhythm game",12,49577
802,"Half-Life 2",Ishnginn,2073,"Driving",18,24415
803,"Harry Potter and the Prisoner of Azkaban",Mavemeena,2069,"MicroControl",21,67033
804,"Harry Potter: Mastering Magic",Nuarne,2016,"Crawler",18,49480
805,"Harry Potter: Quidditch World Cup",Morlumand,2030,"Economical",21,80138
806,"Harry Potter: Wizards Unite",Nilargas,2036,"Real-time strategy",14,48912
807,"Harvester",Melar,2097,"Crawler",0,87336
808,"A Hat in Time",Mazragore,2072,"Vehicle simulation",14,65828
809,"Hatred",Snowseeker,2056,"Battle Racing",6,72351
810,"Hatsune Miku: Project DIVA",Tuhn,2014,"Browser-based",14,42706
811,"Hatsune Miku: Project DIVA 2nd",Whispermane,2041,"Social simulation game",14,12436
812,"Hattrick",Mavemeena,2052,"Action-adventure",18,21667
813,"Nancy Drew: The Haunted Carousel",Dagdador,2088,"Third-person shooter",6,11504
814,"Haunted Castle",Ironcrusher,2118,"Rhythm game",6,98072
815,"Haunted House",Morlumand,2019,"Real-time strategy",18,22446
816,"Hitman GO",Dalanara,2012,"Rhythm game",12,37778
817,"Hitman: Absolution",Nuarne,2062,"Fighting",18,36741
818,"Hitman: Blood Money",Opiril,2089,"Flight simulation",0,6722
819,"Hitman: Codename 47",Stonecrusher,2065,"Electronic sports",18,4766
820,"Hitman: Contracts",Yggrin,2069,"Multiplayer online battle arena",0,47880
821,"Hitman: Sniper",Brazil,2085,"MOBA",14,85849
822,"Hitman: Sniper Challenge",Tojagal,2054,"Zero Player Game",21,37785
823,"Hob",Balladomeena,2054,"CRPG",6,34268
824,"The Hobbit (  1982)",Morlumand,2017,"Open RPG",12,97905
825,"The Hobbit (  2003)",Mikasar,2084,"Acrcade",0,12029
826,"Hogs of War",Morlumand,2002,"Contact",6,89150
827,"Hohokum",Malalace,2004,"JRPG",6,14215
828,"Hollow Knight",Alsariel,2017,"Manager",6,53666
829,"Home Alone (  2006)",Goltigrel,2120,"MMORTS",0,74257
830,"Home Alone",Blackhunter,2048,"MicroControl",18,14906
831,"Home Alone 2: Lost in New York",Mazragore,2034,"Flight simulation",18,48466
832,"I Have No Mouth and I Must Scream",Balladobandis,2015,"Mass action",12,49399
833,"I Wanna Be the Guy",Dalanara,2112,"Maze",14,47489
834,"I-Ninja",Malajurus,2059,"Tower Defense",12,89629
835,"I-War",Tesho,2034,"Test",14,81571
836,"I-War (Atari Jaguar)",Ironcrusher,2008,"Board game",14,27723
837,"I Robot",Celmeena,2002,"Massive multiplayer online game",18,32202
838,"I.G.I.-2: Covert Strike",Whiteseeker,2049,"Hack & Slash",14,65590
839,"Ice Age 2: The Meltdown",Malalace,2001,"Rail shooter",6,32906
840,"Ice Age: Dawn of the Dinosaurs",Periris,2097,"Education",6,80905
841,"Imperial Glory",Batius,2086,"Light gun",14,65251
842,"Imperialism",Ananara,2110,"Economical",18,57927
843,"Imperishable Night",Basius,2064,"Gamble",6,91554
844,"Imperium Galactica",Kajisida,2023,"Sandbox",0,94819
845,"Imperium Galactica II: Alliances",Ianzius,2045,"Tower Defense",14,13164
846,"Imperium Romanum",Mazragore,2041,"Browser-based",14,22666
847,"Impire",Cenius,2108,"Grand strategy wargame",12,63133
848,"Impossible Creatures",Nuadarius,2025,"Life Sim",14,91720
849,"The Impossible Game",Tygrarana,2004,"RTT",6,73774
850,"In Search of the Lost Future",Shalilmeena,2005,"Sports-based fighting",12,58360
851,"In the Groove",Lairdana,2052,"MMORPG",18,64483
852,"In the Groove 2",Ironcrusher,2108,"True RPG",0,64014
853,"In the Hunt",Kathrimand,2066,"Open RPG",6,43375
854,"In the Valley of Gods",Ishnri,2102,"Dance",6,15787
855,"Jeanne d Arc",Andromagar,2088,"Zero Player Game",12,50952
856,"Jet Moto",Ghobor,2100,"Co-op",6,94565
857,"Jet Set Radio",Shalirn,2099,"Zero Player Game",6,30349
858,"Jet Set Radio Future",Ananara,2034,"Flight simulation",14,29495
859,"Jet Set Willy",Nuarne,2099,"Simulation sport",18,44479
860,"Jet-Story",Whiteseeker,2101,"Grand strategy wargame",12,49100
861,"Jetpac",Melar,2108,"Toure",14,85619
862,"Jets n Guns",Nazel,2080,"Computer Role-Playing Game",0,53836
863,"Jiburiru: The Devil Angel",Kathridred,2031,"Platformer 3D",18,50473
864,"Joe & Mac Caveman Ninja",Agardana,2078,"MMORPG",6,69633
865,"Joe Blade",Malajurus,2096,"Massively multiplayer",0,4047
866,"John Saul s Blackstone Chronicles",Malagar,2044,"Zero Player Game",14,17188
867,"Johnny Bazookatone",Yggrin,2025,"Technical Combat",21,17482
868,"Joint Operations: Escalation",Whispermane,2080,"TD",18,35755
869,"Kanojo × Kanojo × Kanojo",Dagdawield,2018,"OldSchool Action",21,90627
870,"Kanon",Thetadora,2035,"Programming game",12,31211
871,"Kantai Collection",Miralune,2106,"Shoot'em up",6,99066
872,"Karate Champ",Marana,2072,"Driving",12,72886
873,"Karateka",Fordrebandis,2024,"Text adventure",6,85702
874,"Karos Online",Sinwind,2063,"Global Strategy",18,90230
875,"KartRider",Malalace,2083,"Danmaku",21,41291
876,"Kashimashi: Girl Meets Girl",Snowworker,2110,"Family",6,81449
877,"Kasumi Ninja",Zulkigore,2116,"MMOFPS",6,33810
878,"Katahane",Ananara,2075,"Trivia game",14,91763
879,"Katamari Damacy",Starbrand,2094,"Competitive",0,9863
880,"Katana Zero",Nuarne,2014,"Singlplayer",6,90508
881,"Katawa Shoujo",Shalilmeena,2094,"Platformer 2D",12,90884
882,"Last Chaos",Whiteseeker,2030,"Hero",18,58561
883,"Last Day of June",Perdred,2034,"Slasher",12,67758
884,"The Last Express",Morluron,2101,"Computer Role-Playing Game",0,24219
885,"The Last Guardian",Anargas,2045,"Side-scroller",21,6598
886,"The Last Mission",Bralmaran,2108,"Flight simulation",6,97508
887,"The Last Ninja",Malalace,2085,"Education",14,17342
888,"The Last of Us",Bludwing,2116,"Logic",21,16378
889,"The Last of Us Part II",Corius,2095,"Building",0,82389
890,"The Last of Us Remastered",Opilen,2086,"Dungeon crawl",14,72242
891,"The Last of Us: Left Behind",Dorizel,2099,"Hack & Slash",21,7352
892,"Last Period: The Story of an Endless Spiral",Alsariel,2076,"Open-ended simulation",6,38788
893,"The Last Remnant",Meztikinos,2022,"Hentai",6,84269
894,"Last Resort",Marindis,2039,"Logic",12,58603
895,"The Last Story",Doomsong,2102,"Test",14,79525
896,"Last Voyage",Saktilar,2026,"MMORPG",14,27351
897,"Late Shift",Mavemeena,2017,"Vehicle simulation",12,84616
898,"Law & Order: Legacies",Ygglanim,2015,"Family",14,64322
899,"LawBreakers",JoJorg,2061,"Dance",21,75132
900,"Layers of Fear",Adonius,2106,"MMORTS",18,66979
901,"Layers of Fear: Inheritance",Meztidal,2061,"Massive multiplayer online game",18,33882
902,"LBX",Starfire,2023,"Mini games",21,99724
903,"Lead and Gold: Gangs of the Wild West",Shaktiran,2102,"Logic",12,40644
904,"Leader Board",Gardalabar,2049,"Art game",18,42458
905,"League of Legends",Sinwind,2095,"Extreme sport",6,76922
906,"League of Legends: Wild Rift",Kelenin,2089,"Acrcade",12,28780
907,"Leaving Lyndow",Runeconjuror,2012,"Battle Racing",21,21417
908,"Left 4 Dead",Monadar,2066,"Rhythm game",12,49628
909,"Left 4 Dead 2",Doomstone,2079,"Programming game",12,3301
910,"Left Alive",Malaswyn,2062,"Self improvment games",18,12256
911,"Legacy of Kain: Defiance",Bralmaran,2088,"Novel",21,10154
912,"Legacy of Kain: Soul Reaver",Faerisar,2120,"Simulation sport",14,84620
913,"Legacy of Kain: Soul Reaver 2",Malalace,2057,"Battle Racing",6,83599
914,"Legal Crime",Drelarus,2069,"Stealth-Action",12,18773
915,"The Legend of Dragoon",Kikree,2033,"Multi User Dungeon",6,83448
916,"Legend of Grimrock",Drelarus,2000,"RTS",14,51693
917,"Legend of Grimrock 2",Faerisar,2064,"Rail shooter",18,36538
918,"Last Chaos",Starfire,2063,"City-building",21,38954
919,"Last Day of June",Bolace,2080,"Platformer 2D",0,94815
920,"The Last Express",Ghobor,2068,"Death Racing",18,50087
921,"The Last Guardian",Windwood,2025,"Metroidvania",18,77985
922,"The Last Mission",Doomterror,2078,"Construction",12,36714
923,"The Last Ninja",Axehunter,2072,"Tactic PRG",6,83974
924,"The Last of Us",Snowworker,2077,"Strategy RPG",0,19127
925,"The Last of Us Part II",Moranin,2087,"Construction",14,45725
926,"The Last of Us Remastered",Dorizel,2077,"Arcade sport",14,86853
927,"The Last of Us: Left Behind",Migar,2021,"Co-op",21,21241
928,"Last Period: The Story of an Endless Spiral",Ishnginn,2051,"Run and gun",12,24496
929,"The Last Remnant",Mazulmaran,2098,"Light gun",18,430
930,"Last Resort",Doomstone,2093,"CRPG",0,16401
931,"The Last Story",Gardalabar,2040,"Open world",0,25503
932,"Last Voyage",Thetadora,2063,"Extreme sport",18,64352
933,"Late Shift",Kijinn,2016,"Real-time tactic",12,21476
934,"Law & Order: Legacies",Shadowstalker,2012,"Space sim",12,96437
935,"LawBreakers",Kajisida,2064,"Danmaku",6,39980
936,"Layers of Fear",Meztidal,2095,"Family",12,79936
937,"Layers of Fear: Inheritance",Voodoolkis,2005,"Strategy",14,35894
938,"LBX",Doomterror,2059,"Cardgame",14,59429
939,"Lead and Gold: Gangs of the Wild West",Auririm,2115,"Danmaku",18,5469
940,"Leader Board",Redmane,2080,"Dance",21,79124
941,"League of Legends",Axehunter,2036,"Fighting",12,2317
942,"League of Legends: Wild Rift",Nilargas,2010,"Real-time tactic",6,79486
943,"Leaving Lyndow",Periris,2078,"Dungeon crawl",14,91722
944,"Left 4 Dead",Whispermane,2048,"OldSchool Action",21,28565
945,"Left 4 Dead 2",Batius,2024,"Extreme sport",14,21037
946,"Left Alive",Shaktiran,2099,"Turn-based tactic",12,96572
947,"Legacy of Kain: Defiance",Dalanara,2045,"Hidden object",18,4952
948,"Legacy of Kain: Soul Reaver",Tabei,2101,"First-Person",21,21376
949,"Legacy of Kain: Soul Reaver 2",Zulkigul,2072,"City-building",21,17509
950,"Legal Crime",Gagas,2044,"Side-scroller",0,34861
951,"The Legend of Dragoon",Yozshutaur,2071,"Sports-based fighting",21,53405
952,"Legend of Grimrock",Steelfury,2066,"OldSchool Action",21,69877
953,"Legend of Grimrock 2",Ironbreaker,2086,"Zen",14,39404
954,"LEGO Legends of Chima: Laval s Journey",Spellterror,2087,"TBS",18,98970
955,"LEGO Marvel Super Heroes",Ballath,2054,"Life Sim",0,40753
956,"LEGO Marvel Super Heroes 2",Anayarus,2081,"Eroge",0,98298
957,"The Little Mermaid: Magic in Two Kingdoms",Kazahn,2058,"Classic Quest",0,59449
958,"Little Nemo: The Dream Master",Agardana,2004,"Electronic sports",6,47395
959,"Little Nightmares",Nikorr,2014,"MOBA",0,89354
960,"Little Nightmares 2",Mikasar,2059,"Zen",14,25573
961,"Little Samson",Nazel,2020,"Fighting",0,45593
962,"LittleBigPlanet",Malajurus,2084,"Vehicular combat",14,10426
963,"LittleBigPlanet 2",Sterndweller,2117,"Classic Quest",6,80686
964,"LittleBigPlanet 3",Perdred,2089,"Sim Strategy",18,53875
965,"LittleBigPlanet Karting",Mazragore,2021,"Roguelike",0,64977
966,"Live A Live",Zolosho,2114,"Social simulation game",12,95938
967,"Live for Speed",Sinfire,2081,"Multiplayer online battle arena",12,63134
968,"Mage: The Awakening",Runefire,2080,"Programming game",0,78421
969,"Mageslayer",Zulkigore,2118,"JRPG",0,66805
970,"Magic and Mayhem",Peginn,2034,"Survival",14,80342
971,"Magic Carpet",Chillwind,2106,"Hack & Slash",12,46816
972,"Magic Duels",Anargas,2007,"Medetative",12,37042
973,"Magic: The Gathering — Duels of the Planeswalkers",Ironwing,2077,"Medetative",21,84569
974,"Magic: The Gathering (MicroProse)",Adonius,2003,"Music game",14,79367
975,"Magic: The Gathering Arena",Drelarus,2003,"Massively multiplayer",12,27961
976,"Magical Canan",Malagar,2047,"Browser RPG",18,47805
977,"Magical Chase",Windwood,2078,"Statistical sport",12,14282
978,"Magical Girl Lyrical Nanoha",Yozshubar,2051,"Simulation racer",18,9325
979,"Master of Epic",Morlumand,2080,"Acrcade",14,13841
980,"Master of Magic",Mezirn,2008,"Vehicle simulation",21,307
981,"Master of Orion",Gataxe,2057,"Microgame",18,14255
982,"Master of Orion II: Battle at Antares",Kazrakree,2080,"Shoot'em up",21,19647
983,"Master of Orion III",Tojagal,2019,"Dangeon Crawler",14,19528
984,"Master of Orion: Conquer the Stars",Zulkigul,2018,"Simulation racer",18,62546
985,"The Masterplan",Sterndweller,2037,"Virtual pet",18,50235
986,"Masters Of The World: Geopolitical Simulator 3",Dianadar,2065,"Manager",0,35171
987,"The Matrix Online",Whiteseeker,2120,"Sports-based fighting",0,74161
988,"The Matrix: Path of Neo",Arcaneworm,2086,"Flight simulation",12,59344
989,"Max Payne",Kerne,2084,"MOBA",12,63398
990,"Max Payne 2: The Fall of Max Payne",Miralune,2038,"Simulator",6,56927
991,"Max Payne 3",Fegor,2104,"Tower Defense",14,66444
992,"Max: The Curse of Brotherhood",Anargas,2034,"Music game",6,51770
993,"Maximo",Nilargas,2020,"Roguelike",0,43457
994,"Maze War",Tabei,2005,"Virtual pet",21,25703
995,"Mazes of Fate",Malaswyn,2020,"Run and gun",12,77056
996,"Obduction",Fordrebandis,2034,"Dangeon Crawler",14,43811
997,"Oblivion Lost",Dagdawield,2070,"Open world",6,13671
998,"Obocchamakun",Thorne,2034,"Action-RPG",0,84107
999,"Patapon 3",Stonecrusher,2087,"Artillery game",18,67832